{
    "max_volume": "Tether",
    "bests": [
        "Algorand",
        "Aave",
        "Ren",
        "Verge",
        "Komodo",
        "SwissBorg",
        "Bancor",
        "Hive",
        "MCO",
        "WAX"
    ],
    "worst": [
        "UNUS SED LEO",
        "Compound",
        "0x",
        "Synthetix Network Token",
        "Nexo",
        "ZB Token",
        "Quant",
        "Loopring",
        "Celsius",
        "BitShares"
    ],
    "first_20_criptos": {
        "Bitcoin": 9153.32867575,
        "Ethereum": 230.292527905,
        "Tether": 1.00117650284,
        "XRP": 0.182749274109,
        "Bitcoin Cash": 230.036873861,
        "Bitcoin SV": 168.804520428,
        "Litecoin": 43.2094013667,
        "Binance Coin": 15.7177865959,
        "EOS": 2.47187407701,
        "Cardano": 0.0804754056946,
        "Crypto.com Coin": 0.114398090749,
        "Tezos": 2.47372032749,
        "Chainlink": 4.69943909929,
        "Stellar": 0.0671848251789,
        "UNUS SED LEO": 1.22562119267,
        "Monero": 63.8095841541,
        "TRON": 0.015798389452,
        "USD Coin": 1.00185668617,
        "Huobi Token": 4.21021792924,
        "Neo": 10.2092286668
    },
    "criptos": {
        "Bitcoin": 9153.32867575,
        "Ethereum": 230.292527905,
        "Tether": 1.00117650284,
        "XRP": 0.182749274109,
        "Bitcoin Cash": 230.036873861,
        "Bitcoin SV": 168.804520428,
        "Litecoin": 43.2094013667,
        "Binance Coin": 15.7177865959,
        "EOS": 2.47187407701,
        "Cardano": 0.0804754056946,
        "Tezos": 2.47372032749,
        "Chainlink": 4.69943909929,
        "Stellar": 0.0671848251789,
        "TRON": 0.015798389452,
        "USD Coin": 1.00185668617,
        "Huobi Token": 4.21021792924,
        "Neo": 10.2092286668,
        "Ethereum Classic": 6.05946381281,
        "Dash": 70.563766305,
        "Zcash": 55.5937116301,
        "Cosmos": 2.59067378534,
        "VeChain": 0.0088582735696,
        "Ontology": 0.635156191541,
        "Basic Attention Token": 0.260665096732,
        "OKB": 5.10003747222,
        "Dogecoin": 0.002365535301,
        "Paxos Standard": 1.0014241838,
        "Decred": 14.7501882057,
        "Binance USD": 1.00202382302,
        "Qtum": 1.6804916357,
        "TrueUSD": 1.00032816948
    },
    "percentage": {
        "Bitcoin": 7.068466815947549,
        "Ethereum": -13.02690984936149,
        "Tether": 0.0,
        "XRP": 0.0,
        "Bitcoin Cash": 0.0,
        "Bitcoin SV": 0.0,
        "Litecoin": 0.0,
        "Binance Coin": 0.0,
        "EOS": 0.0,
        "Cardano": 0.0,
        "Crypto.com Coin": 0.0,
        "Tezos": 0.0,
        "Chainlink": 0.0,
        "Stellar": 0.0,
        "UNUS SED LEO": 0.0,
        "Monero": 0.0,
        "TRON": 0.0,
        "USD Coin": 0.0,
        "Huobi Token": 0.0,
        "Neo": 0.0
    }
}