{
    "max_volume_cripto": "Tether",
    "bests": [
        "Cardano",
        "Stellar",
        "VeChain",
        "Dogecoin",
        "HedgeTrade",
        "Siacoin",
        "Nervos Network",
        "Flexacoin",
        "Quant",
        "Blockstack"
    ],
    "worst": [
        "Cosmos",
        "The Midas Touch Gold",
        "Decred",
        "Elrond",
        "Holo",
        "BitTorrent",
        "Ampleforth",
        "Hive",
        "Stratis",
        "Super Zero Protocol"
    ],
    "first_20_criptos": {
        "Bitcoin": 9216.15257164,
        "Ethereum": 239.093088962,
        "Tether": 1.00079624566,
        "XRP": 0.198234812566,
        "Bitcoin Cash": 236.779123223,
        "Bitcoin SV": 181.780890826,
        "Cardano": 0.116194867197,
        "Litecoin": 44.0915030087,
        "Binance Coin": 17.038835431,
        "Crypto.com Coin": 0.142662304524,
        "EOS": 2.60457568902,
        "Chainlink": 6.00488089268,
        "Tezos": 2.49623808403,
        "Stellar": 0.0871930531167,
        "UNUS SED LEO": 1.21388407197,
        "TRON": 0.0180983434693,
        "Monero": 67.3970948754,
        "USD Coin": 1.00025672023,
        "Huobi Token": 4.19444590516,
        "VeChain": 0.0161007466783
    },
    "criptos": {
        "Bitcoin": 9216.15257164,
        "Ethereum": 239.093088962,
        "Tether": 1.00079624566,
        "XRP": 0.198234812566,
        "Bitcoin Cash": 236.779123223,
        "Bitcoin SV": 181.780890826,
        "Cardano": 0.116194867197,
        "Litecoin": 44.0915030087,
        "Binance Coin": 17.038835431,
        "EOS": 2.60457568902,
        "Chainlink": 6.00488089268,
        "Tezos": 2.49623808403,
        "Stellar": 0.0871930531167,
        "TRON": 0.0180983434693,
        "Monero": 67.3970948754,
        "USD Coin": 1.00025672023,
        "Huobi Token": 4.19444590516,
        "VeChain": 0.0161007466783,
        "Neo": 10.6352965676,
        "Cosmos": 3.93283386536,
        "Ethereum Classic": 6.37023519001,
        "Dash": 71.266135121,
        "Zcash": 55.3141050051,
        "Dogecoin": 0.00379405621702,
        "Basic Attention Token": 0.252040243801,
        "OKB": 4.92529375375,
        "Kyber Network": 1.59589637897,
        "Paxos Standard": 0.999486387811,
        "OMG Network": 1.54062492018,
        "Qtum": 2.0087704597,
        "Binance USD": 1.00080103736,
        "Elrond": 0.0120008148112,
        "BitTorrent": 0.000418839746812
    },
    "margin": 0.0
}