{
    "max_volume_cripto": "Tether",
    "bests": [
        "UNUS SED LEO",
        "Compound",
        "Maker",
        "Kyber Network",
        "Verge",
        "Flexacoin",
        "Divi",
        "Terra",
        "SwissBorg",
        "Energi"
    ],
    "worst": [
        "Cardano",
        "Chainlink",
        "VeChain",
        "Cosmos",
        "Dogecoin",
        "0x",
        "Synthetix Network Token",
        "The Midas Touch Gold",
        "Siacoin",
        "Elrond"
    ],
    "first_20_criptos": {
        "Bitcoin": 9286.83320422,
        "Ethereum": 242.118487722,
        "Tether": 0.999375871585,
        "XRP": 0.197999474638,
        "Bitcoin Cash": 241.484540138,
        "Bitcoin SV": 185.457646919,
        "Cardano": 0.126408419106,
        "Litecoin": 44.7300860438,
        "Binance Coin": 17.1538350859,
        "Crypto.com Coin": 0.14023899099,
        "EOS": 2.64126427985,
        "Chainlink": 6.16799051918,
        "Tezos": 2.62111947639,
        "Stellar": 0.0783205576295,
        "UNUS SED LEO": 1.21239335642,
        "TRON": 0.0176154601772,
        "Monero": 65.9444040798,
        "VeChain": 0.0207467942299,
        "USD Coin": 1.0000246198,
        "Huobi Token": 4.18146223528
    },
    "criptos": {
        "Bitcoin": 9286.83320422,
        "Ethereum": 242.118487722,
        "Tether": 0.999375871585,
        "XRP": 0.197999474638,
        "Bitcoin Cash": 241.484540138,
        "Bitcoin SV": 185.457646919,
        "Cardano": 0.126408419106,
        "Litecoin": 44.7300860438,
        "Binance Coin": 17.1538350859,
        "EOS": 2.64126427985,
        "Chainlink": 6.16799051918,
        "Tezos": 2.62111947639,
        "Stellar": 0.0783205576295,
        "TRON": 0.0176154601772,
        "Monero": 65.9444040798,
        "VeChain": 0.0207467942299,
        "USD Coin": 1.0000246198,
        "Huobi Token": 4.18146223528,
        "Neo": 10.9153956451,
        "Ethereum Classic": 6.38824837822,
        "Dash": 71.9627165832,
        "Cosmos": 3.43289023218,
        "Zcash": 57.2839812126,
        "Compound": 184.432810696,
        "Dogecoin": 0.0036857494468,
        "Ontology": 0.635071121637,
        "Basic Attention Token": 0.261998749893,
        "0x": 0.43865721124,
        "OKB": 5.07683209365,
        "Kyber Network": 1.57767394012,
        "Paxos Standard": 0.99982426423,
        "OMG Network": 1.57585556441,
        "Zilliqa": 0.0204073166965,
        "Qtum": 1.86437756605,
        "Binance USD": 1.00009062973,
        "IOST": 0.00658003220295
    },
    "percentage": {
        "Bitcoin": 0.0,
        "Ethereum": 0.0,
        "Tether": 0.0,
        "XRP": 0.0,
        "Bitcoin Cash": 0.0,
        "Bitcoin SV": 0.0,
        "Cardano": 0.0,
        "Litecoin": 0.0,
        "Binance Coin": 0.0,
        "Crypto.com Coin": 0.0,
        "EOS": 0.0,
        "Chainlink": 0.0,
        "Tezos": 0.0,
        "Stellar": 0.0,
        "UNUS SED LEO": 0.0,
        "TRON": 0.0,
        "Monero": 0.0,
        "VeChain": 0.0,
        "USD Coin": 0.0,
        "Huobi Token": 0.0
    }
}